Text (font_utf8 to line-2-head),  Kametohito(1_24hours)________
åµã€€ã„ã¡ã”ã‚¸ãƒ£ãƒ ã€€æµ·è—»ã¨æ°´, Kametohito(1_24hours)12655
é¶åµã¨å±±æ¤’.è‘‰, Kametohito(1_24hours)12655
åœŸã¨çŸ³ã€‚, Kametohito(1_24hours)12655
çŸ³å‹•ã¨ãƒ’ãƒˆ, Kametohito(1_24hours)12655
çŸ³ã€€â€¦ ç™ºèŠ½ğŸ“ˆ, Kametohito(1_24hours)12655
ã‚³ãƒ¼ãƒ³ã€€é¶åµ, Kametohito(1_24hours)12657
ã‚³ãƒ¼ãƒ³ã€€é¶åµã€€ãƒãƒ¨ãƒãƒ¼ã‚º, Kametohito(1_24hours)12657
åµ ã¨ ã‚·ã‚½ ã¨ ãƒãƒ¼ã‚º, Kametohito(1_24hours)12657
æ°´ç©´ãƒ»ãƒ‰ãƒ¼ãƒ ãƒ»ãƒ‰ãƒªã‚¢ãƒ³, Kametohito(1_24hours)12657
çŸ³å±±, Kametohito(1_24hours)12657
ã‚¹ãƒˆãƒ­ãƒ™ãƒªãƒ¼, Kametohito(1_24hours)12657
ã‚¤ãƒ–ã¨é«˜å®Ÿ, Kametohito(1_24hours)12657
ã‚¢ãƒ€ãƒ ã¨ä½å®Ÿ, Kametohito(1_24hours)12657
ã‚¢ãƒ€ãƒ ã¨é¶åµ, Kametohito(1_24hours)12657
ãƒ“ãƒ¼ãƒ«+ã¯ãã‚Šãã“ã€€ãƒ‘ãƒ³, Kametohito(1_24hours)12657
ç™ºé…µé…µæ¯åº•ç™½ã¨80mlãƒ—ãƒ©ã‚¹ãƒãƒƒã‚¯å®¹å™¨ã€€ãªã€€ãƒ“ãƒ¼ãƒ«, Kametohito(1_24hours)12657